scaffold_id,pred,label
0,0.3473,0
1,1.0040,1
2,0.1624,0
3,0.9277,1
4,0.3859,0
5,0.3057,0
6,0.5104,1
7,0.3378,0
8,0.5659,1
9,1.1672,1
10,0.7059,1
11,0.4568,0
0,0.1541,0
1,0.5366,0
2,0.1452,0
3,0.7630,1
4,0.2444,0
5,0.4282,1
6,0.4867,1
7,0.5194,1
8,0.6258,0
9,0.8652,1
10,0.6755,1
11,0.4806,0
0,0.4959,0
1,0.8487,1
2,0.3389,1
3,0.5421,0
4,0.4986,1
5,0.2444,0
6,0.7580,1
7,0.3819,0
8,0.5447,0
9,0.6758,1
10,0.8793,1
11,0.3746,1
0,0.2721,0
1,0.9873,1
2,0.2510,0
3,0.7902,1
4,0.2360,0
5,0.4634,0
6,0.9797,1
7,0.7592,1
8,0.4927,0
9,0.8646,1
10,0.7422,1
11,0.5934,0
0,0.5813,1
1,0.5387,1
2,0.3097,0
3,1.0681,1
4,0.4897,0
5,0.0742,0
6,0.9353,1
7,0.7710,1
8,0.4227,0
9,0.6056,0
10,0.5363,1
11,0.6319,1
0,0.1615,0
1,0.7879,1
2,0.2895,0
3,1.0528,1
4,0.3172,0
5,0.4606,1
6,0.8676,1
7,0.6446,0
8,0.4642,0
9,0.6687,0
10,0.7918,1
11,0.6221,0
0,0.7444,0
1,0.5669,1
2,0.1607,1
3,0.9140,1
4,0.3723,0
5,0.5544,1
6,0.8834,1
7,0.6110,1
8,0.6816,1
9,0.5683,1
10,0.9426,1
11,0.2318,0
0,0.7110,1
1,0.6262,1
2,0.0481,0
3,0.8986,1
4,0.3860,0
5,0.5434,0
6,0.9143,1
7,0.5072,1
8,0.5314,1
9,0.5855,0
10,0.5134,1
11,0.1458,0
0,0.8203,1
1,1.0367,1
2,0.2822,0
3,0.8314,1
4,0.6577,0
5,0.1312,0
6,0.8039,1
7,0.5101,1
8,0.2368,1
9,0.7369,0
10,0.9063,1
11,0.1610,0
0,0.6869,1
1,0.8439,1
2,0.2448,0
3,1.0122,1
4,0.1585,0
5,0.2007,1
6,0.9878,1
7,0.3704,0
8,0.7202,1
9,0.6635,1
10,0.4409,1
11,0.2464,0
0,0.5152,1
1,0.8591,1
2,0.3722,0
3,0.5441,0
4,0.3019,0
5,0.1836,0
6,0.8590,1
7,0.5135,0
8,0.5586,1
9,0.3576,0
10,0.7312,1
11,0.5103,0
0,0.4678,1
1,0.7308,1
2,0.3424,1
3,0.7020,1
4,0.3435,1
5,0.4577,0
6,1.0365,1
7,0.6897,1
8,0.7904,1
9,0.6018,1
10,0.7744,1
11,0.2940,0
0,0.3259,1
1,0.4386,1
2,0.2025,0
3,0.9580,1
4,0.2792,0
5,0.2576,0
6,0.7774,1
7,0.6120,0
8,0.2291,0
9,0.7596,1
10,0.9324,1
11,0.2420,0
0,0.5905,0
1,0.8809,1
2,0.0963,0
3,0.8706,1
4,0.6916,1
5,0.5941,1
6,0.6058,1
7,0.6399,0
8,0.2346,0
9,0.9092,1
10,0.7401,1
11,0.8531,1
0,0.2019,0
1,0.9269,1
2,-0.1111,0
3,1.0635,1
4,0.3095,1
5,0.1492,0
6,0.8110,1
7,0.6154,1
8,0.2359,0
9,0.7415,1
10,0.6163,1
11,0.6414,1
0,0.2131,0
1,0.6657,1
2,0.1054,0
3,0.5485,1
4,0.0886,0
5,0.3630,0
6,0.8715,1
7,0.7405,1
8,0.2075,0
9,0.6400,1
10,0.6605,1
11,0.5432,1
0,0.5213,0
1,0.8310,1
2,0.1540,0
3,0.9021,1
4,0.5494,1
5,0.4465,0
6,0.8550,1
7,0.6744,1
8,0.6144,1
9,0.7686,1
10,0.8109,1
11,0.6332,1
0,0.3235,0
1,0.8253,1
2,0.3500,0
3,0.6793,1
4,-0.0720,0
5,0.5483,1
6,0.8790,1
7,0.2872,1
8,0.4675,0
9,0.6458,1
10,0.8182,0
11,0.5348,0
0,0.7776,1
1,0.4867,1
2,-0.0146,0
3,0.5935,1
4,0.3705,0
5,0.4943,1
6,0.6401,1
7,0.6909,1
8,0.5529,1
9,0.5443,1
10,1.1026,1
11,0.4859,1
0,0.5670,1
1,0.8574,1
2,0.2279,0
3,0.8467,1
4,0.5793,1
5,0.3212,1
6,1.2329,1
7,0.3363,0
8,0.1549,0
9,0.8626,1
10,0.7506,1
11,0.4441,0